title,Type,Based on other media,release_date,Studio,Notes,...7,...8,...9,...10,...11,...12
Blink,Original,0,2024-10-04T00:00:00Z,Walt Disney Pictures,NA,NA,NA,NA,NA,NA,NA
Deadpool & Wolverine,Sequel,1,2024-07-26T00:00:00Z,Marvel,NA,NA,NA,NA,NA,NA,NA
Inside Out 2,Sequel,0,2024-06-14T00:00:00Z,Walt Disney Pictures,NA,NA,NA,NA,NA,NA,NA
Inside Out 2,Sequel,0,2024-06-14T00:00:00Z,Pixar,NA,NA,NA,NA,NA,NA,NA
Young Woman and the Sea,Original,1,2024-05-31T00:00:00Z,Walt Disney Pictures,NA,NA,NA,NA,NA,NA,NA
The Beach Boys,Original,0,2024-05-24T00:00:00Z,Walt Disney Pictures,NA,NA,NA,NA,NA,NA,NA
Tiger,Original,0,2024-04-22T00:00:00Z,Walt Disney Pictures,NA,NA,NA,NA,NA,NA,NA
Diary of a Wimpy Kid Christmas: Cabin Fever,Sequel,1,2023-12-08T00:00:00Z,Walt Disney Pictures,NA,NA,NA,NA,NA,NA,NA
Wish,Original,0,2023-11-22T00:00:00Z,Walt Disney Pictures,NA,NA,NA,NA,NA,NA,NA
Dashing Through the Snow,Original,0,2023-11-17T00:00:00Z,Walt Disney Pictures,NA,NA,NA,NA,NA,NA,NA
The Marvels,Sequel,1,2023-11-10T00:00:00Z,Marvel,NA,NA,NA,NA,NA,NA,NA
Haunted Mansion,Original,1,2023-07-28T00:00:00Z,Walt Disney Pictures,Based on theme park ride,NA,NA,NA,NA,NA,NA
Indiana Jones and the Dial of Destiny,Sequel,0,2023-06-30T00:00:00Z,Walt Disney Pictures,NA,NA,NA,NA,NA,NA,NA
Indiana Jones and the Dial of Destiny,Sequel,0,2023-06-30T00:00:00Z,Lucasfilm,NA,NA,NA,NA,NA,NA,NA
World's Best,Original,0,2023-06-23T00:00:00Z,Walt Disney Pictures,NA,NA,NA,NA,NA,NA,NA
Elemental,Original,0,2023-06-16T00:00:00Z,Walt Disney Pictures,NA,NA,NA,NA,NA,NA,NA
Elemental,Original,0,2023-06-16T00:00:00Z,Pixar,NA,NA,NA,NA,NA,NA,NA
The Little Mermaid,Remaster,1,2023-05-26T00:00:00Z,Walt Disney Pictures,NA,NA,NA,NA,NA,NA,NA
Crater,Original,0,2023-05-12T00:00:00Z,Walt Disney Pictures,NA,NA,NA,NA,NA,NA,NA
Guardians of the Galaxy Vol. 3,Sequel,1,2023-05-05T00:00:00Z,Marvel,NA,NA,NA,NA,NA,NA,NA
Peter Pan & Wendy,Remaster,0,2023-04-28T00:00:00Z,Walt Disney Pictures,NA,NA,NA,NA,NA,NA,NA
Chang Can Dunk,Original,0,2023-03-10T00:00:00Z,Walt Disney Pictures,NA,NA,NA,NA,NA,NA,NA
Ant-Man and the Wasp: Quantumania,Sequel,1,2023-02-17T00:00:00Z,Marvel,NA,NA,NA,NA,NA,NA,NA
Night at the Museum: Kahmunrah Rises Again,Spin-off,0,2022-12-09T00:00:00Z,Walt Disney Pictures,NA,NA,NA,NA,NA,NA,NA
Diary of a Wimpy Kid: Rodrick Rules,Sequel,1,2022-12-02T00:00:00Z,Walt Disney Pictures,NA,NA,NA,NA,NA,NA,NA
Strange World,Original,0,2022-11-23T00:00:00Z,Walt Disney Pictures,NA,NA,NA,NA,NA,NA,NA
Disenchanted,Sequel,0,2022-11-18T00:00:00Z,Walt Disney Pictures,NA,NA,NA,NA,NA,NA,NA
Black Panther: Wakanda Forever,Sequel,1,2022-11-11T00:00:00Z,Marvel,NA,NA,NA,NA,NA,NA,NA
Hocus Pocus 2,Sequel,0,2022-09-30T00:00:00Z,Walt Disney Pictures,NA,NA,NA,NA,NA,NA,NA
Pinocchio,Remaster,1,2022-09-08T00:00:00Z,Walt Disney Pictures,NA,NA,NA,NA,NA,NA,NA
Thor: Love and Thunder,Sequel,1,2022-07-08T00:00:00Z,Marvel,NA,NA,NA,NA,NA,NA,NA
Rise,Original,0,2022-06-24T00:00:00Z,Walt Disney Pictures,NA,NA,NA,NA,NA,NA,NA
Lightyear,Spin-off,0,2022-06-17T00:00:00Z,Walt Disney Pictures,NA,NA,NA,NA,NA,NA,NA
Lightyear,Spin-off,0,2022-06-17T00:00:00Z,Pixar,NA,NA,NA,NA,NA,NA,NA
Hollywood Stargirl,Sequel,0,2022-06-03T00:00:00Z,Walt Disney Pictures,NA,NA,NA,NA,NA,NA,NA
Chip 'n Dale: Rescue Rangers,Original,1,2022-05-20T00:00:00Z,Walt Disney Pictures,NA,NA,NA,NA,NA,NA,NA
Doctor Strange in the Multiverse of Madness,Sequel,1,2022-05-06T00:00:00Z,Marvel,NA,NA,NA,NA,NA,NA,NA
Polar Bear,Original,0,2022-04-22T00:00:00Z,Walt Disney Pictures,NA,NA,NA,NA,NA,NA,NA
Better Nate Than Ever,Original,0,2022-04-01T00:00:00Z,Walt Disney Pictures,NA,NA,NA,NA,NA,NA,NA
Cheaper by the Dozen,Remaster,0,2022-03-18T00:00:00Z,Walt Disney Pictures,NA,NA,NA,NA,NA,NA,NA
Turning Red,Original,0,2022-03-11T00:00:00Z,Walt Disney Pictures,NA,NA,NA,NA,NA,NA,NA
Turning Red,Original,0,2022-03-11T00:00:00Z,Pixar,NA,NA,NA,NA,NA,NA,NA
The Beatles: Get Back – The Rooftop Concert,Original,0,2022-01-30T00:00:00Z,Walt Disney Pictures,NA,NA,NA,NA,NA,NA,NA
The Ice Age Adventures of Buck Wild,Spin-off,1,2022-01-28T00:00:00Z,Walt Disney Pictures,NA,NA,NA,NA,NA,NA,NA
The Last Warrior: A Messenger of Darkness,Sequel,1,2021-12-23T00:00:00Z,Walt Disney Pictures,NA,NA,NA,NA,NA,NA,NA
Spider-Man: No Way Home,Sequel,1,2021-12-17T00:00:00Z,Marvel,NA,NA,NA,NA,NA,NA,NA
Diary of a Wimpy Kid,Original,1,2021-12-03T00:00:00Z,Walt Disney Pictures,NA,NA,NA,NA,NA,NA,NA
Encanto,Original,0,2021-11-24T00:00:00Z,Walt Disney Pictures,NA,NA,NA,NA,NA,NA,NA
Eternals,Original,1,2021-11-05T00:00:00Z,Marvel,NA,NA,NA,NA,NA,NA,NA
Shang-Chi and the Legend of the Ten Rings,Original,1,2021-09-03T00:00:00Z,Marvel,NA,NA,NA,NA,NA,NA,NA
Jungle Cruise,Original,1,2021-07-30T00:00:00Z,Walt Disney Pictures,NA,NA,NA,NA,NA,NA,NA
Black Widow,Original,1,2021-07-09T00:00:00Z,Marvel,NA,NA,NA,NA,NA,NA,NA
Luca,Original,0,2021-06-18T00:00:00Z,Walt Disney Pictures,NA,NA,NA,NA,NA,NA,NA
Luca,Original,0,2021-06-18T00:00:00Z,Pixar,NA,NA,NA,NA,NA,NA,NA
Cruella,Original,0,2021-05-28T00:00:00Z,Walt Disney Pictures,NA,NA,NA,NA,NA,NA,NA
Raya and the Last Dragon,Original,0,2021-03-05T00:00:00Z,Walt Disney Pictures,NA,NA,NA,NA,NA,NA,NA
Flora & Ulysses,Original,0,2021-02-19T00:00:00Z,Walt Disney Pictures,NA,NA,NA,NA,NA,NA,NA
The Last Warrior: Root of Evil,Sequel,0,2021-01-01T00:00:00Z,Walt Disney Pictures,NA,NA,NA,NA,NA,NA,NA
Soul,Original,0,2020-12-25T00:00:00Z,Walt Disney Pictures,NA,NA,NA,NA,NA,NA,NA
Soul,Original,0,2020-12-25T00:00:00Z,Pixar,NA,NA,NA,NA,NA,NA,NA
Safety,Original,0,2020-12-11T00:00:00Z,Walt Disney Pictures,NA,NA,NA,NA,NA,NA,NA
Godmothered,Original,0,2020-12-04T00:00:00Z,Walt Disney Pictures,NA,NA,NA,NA,NA,NA,NA
Mulan,Remaster,0,2020-09-04T00:00:00Z,Walt Disney Pictures,NA,NA,NA,NA,NA,NA,NA
The One and Only Ivan,Original,1,2020-08-21T00:00:00Z,Walt Disney Pictures,NA,NA,NA,NA,NA,NA,NA
Magic Camp,Original,0,2020-08-14T00:00:00Z,Walt Disney Pictures,NA,NA,NA,NA,NA,NA,NA
Black Is King,Original,0,2020-07-31T00:00:00Z,Walt Disney Pictures,NA,NA,NA,NA,NA,NA,NA
Hamilton,Original,0,2020-07-03T00:00:00Z,Walt Disney Pictures,NA,NA,NA,NA,NA,NA,NA
Artemis Fowl,Original,1,2020-06-12T00:00:00Z,Walt Disney Pictures,NA,NA,NA,NA,NA,NA,NA
Dolphin Reef,Original,0,2020-04-03T00:00:00Z,Walt Disney Pictures,NA,NA,NA,NA,NA,NA,NA
Elephant,Original,0,2020-04-03T00:00:00Z,Walt Disney Pictures,NA,NA,NA,NA,NA,NA,NA
Stargirl,Original,0,2020-03-13T00:00:00Z,Walt Disney Pictures,NA,NA,NA,NA,NA,NA,NA
Onward,Original,0,2020-03-06T00:00:00Z,Walt Disney Pictures,NA,NA,NA,NA,NA,NA,NA
Onward,Original,0,2020-03-06T00:00:00Z,Pixar,NA,NA,NA,NA,NA,NA,NA
Timmy Failure: Mistakes Were Made,Original,0,2020-02-07T00:00:00Z,Walt Disney Pictures,NA,NA,NA,NA,NA,NA,NA
Togo,Original,0,2019-12-20T00:00:00Z,Walt Disney Pictures,NA,NA,NA,NA,NA,NA,NA
Star Wars: The Rise of Skywalker,Sequel,0,2019-12-20T00:00:00Z,Lucasfilm,NA,NA,NA,NA,NA,NA,NA
Frozen II,Sequel,0,2019-11-22T00:00:00Z,Walt Disney Pictures,NA,NA,NA,NA,NA,NA,NA
Lady and the Tramp,Remaster,0,2019-11-12T00:00:00Z,Walt Disney Pictures,NA,NA,NA,NA,NA,NA,NA
Noelle,Original,0,2019-11-12T00:00:00Z,Walt Disney Pictures,NA,NA,NA,NA,NA,NA,NA
Maleficent: Mistress of Evil,Sequel,0,2019-10-18T00:00:00Z,Walt Disney Pictures,NA,NA,NA,NA,NA,NA,NA
The Lion King,Remaster,0,2019-07-19T00:00:00Z,Walt Disney Pictures,NA,NA,NA,NA,NA,NA,NA
Spider-Man: Far From Home,Sequel,1,2019-07-02T00:00:00Z,Marvel,NA,NA,NA,NA,NA,NA,NA
Toy Story 4,Sequel,0,2019-06-21T00:00:00Z,Walt Disney Pictures,NA,NA,NA,NA,NA,NA,NA
Toy Story 4,Sequel,0,2019-06-21T00:00:00Z,Pixar,NA,NA,NA,NA,NA,NA,NA
Aladdin,Remaster,0,2019-05-24T00:00:00Z,Walt Disney Pictures,NA,NA,NA,NA,NA,NA,NA
Avengers: Endgame,Sequel,1,2019-04-26T00:00:00Z,Marvel,NA,NA,NA,NA,NA,NA,NA
Penguins,Original,0,2019-04-17T00:00:00Z,Walt Disney Pictures,NA,NA,NA,NA,NA,NA,NA
Dumbo,Remaster,1,2019-03-29T00:00:00Z,Walt Disney Pictures,NA,NA,NA,NA,NA,NA,NA
Captain Marvel,Original,1,2019-03-08T00:00:00Z,Marvel,NA,NA,NA,NA,NA,NA,NA
Mary Poppins Returns,Sequel,0,2018-12-19T00:00:00Z,Walt Disney Pictures,NA,NA,NA,NA,NA,NA,NA
Ralph Breaks the Internet,Sequel,0,2018-11-21T00:00:00Z,Walt Disney Pictures,NA,NA,NA,NA,NA,NA,NA
The Nutcracker and the Four Realms,Original,1,2018-11-02T00:00:00Z,Walt Disney Pictures,NA,NA,NA,NA,NA,NA,NA
Christopher Robin,Original,0,2018-08-03T00:00:00Z,Walt Disney Pictures,NA,NA,NA,NA,NA,NA,NA
Ant-Man and the Wasp,Sequel,1,2018-07-06T00:00:00Z,Marvel,NA,NA,NA,NA,NA,NA,NA
Incredibles 2,Sequel,0,2018-06-15T00:00:00Z,Walt Disney Pictures,NA,NA,NA,NA,NA,NA,NA
Incredibles 2,Sequel,0,2018-06-15T00:00:00Z,Pixar,NA,NA,NA,NA,NA,NA,NA
Solo: A Star Wars Story,Spin-off,0,2018-05-10T00:00:00Z,Lucasfilm,NA,NA,NA,NA,NA,NA,NA
Avengers: Infinity War,Sequel,1,2018-04-27T00:00:00Z,Marvel,NA,NA,NA,NA,NA,NA,NA
A Wrinkle in Time,Remaster,1,2018-03-09T00:00:00Z,Walt Disney Pictures,NA,NA,NA,NA,NA,NA,NA
Black Panther,Original,1,2018-02-16T00:00:00Z,Marvel,NA,NA,NA,NA,NA,NA,NA
Expedition China,Original,0,2017-12-27T00:00:00Z,Walt Disney Pictures,NA,NA,NA,NA,NA,NA,NA
Star Wars: The Last Jedi,Sequel,0,2017-12-15T00:00:00Z,Lucasfilm,NA,NA,NA,NA,NA,NA,NA
Coco,Original,1,2017-11-22T00:00:00Z,Walt Disney Pictures,NA,NA,NA,NA,NA,NA,NA
Coco,Original,0,2017-11-22T00:00:00Z,Pixar,NA,NA,NA,NA,NA,NA,NA
Thor: Ragnarok,Sequel,1,2017-11-03T00:00:00Z,Marvel,NA,NA,NA,NA,NA,NA,NA
The Last Warrior,Original,1,2017-10-29T00:00:00Z,Walt Disney Pictures,NA,NA,NA,NA,NA,NA,NA
Jagga Jasoos,Original,0,2017-07-14T00:00:00Z,Walt Disney Pictures,NA,NA,NA,NA,NA,NA,NA
Spider-Man: Homecoming,Original,1,2017-07-07T00:00:00Z,Marvel,NA,NA,NA,NA,NA,NA,NA
Ghost of the Mountains,Original,0,2017-06-30T00:00:00Z,Walt Disney Pictures,NA,NA,NA,NA,NA,NA,NA
Cars 3,Sequel,0,2017-06-16T00:00:00Z,Walt Disney Pictures,NA,NA,NA,NA,NA,NA,NA
Cars 3,Sequel,0,2017-06-16T00:00:00Z,Pixar,NA,NA,NA,NA,NA,NA,NA
Pirates of the Caribbean: Dead Men Tell No Tales,Sequel,0,2017-05-26T00:00:00Z,Walt Disney Pictures,NA,NA,NA,NA,NA,NA,NA
Guardians of the Galaxy Vol. 2,Sequel,1,2017-05-05T00:00:00Z,Marvel,NA,NA,NA,NA,NA,NA,NA
Born in China,Original,0,2017-04-21T00:00:00Z,Walt Disney Pictures,NA,NA,NA,NA,NA,NA,NA
Beauty and the Beast,Remaster,1,2017-03-17T00:00:00Z,Walt Disney Pictures,NA,NA,NA,NA,NA,NA,NA
L'Empereur - March of the Penguins 2: The Next Step,Original,0,2017-02-15T00:00:00Z,Walt Disney Pictures,NA,NA,NA,NA,NA,NA,NA
Dangal,Original,0,2016-12-21T00:00:00Z,Walt Disney Pictures,NA,NA,NA,NA,NA,NA,NA
Rogue One: A Star Wars Story,Spin-off,0,2016-12-16T00:00:00Z,Lucasfilm,NA,NA,NA,NA,NA,NA,NA
Growing Up Wild,Original,0,2016-12-06T00:00:00Z,Walt Disney Pictures,NA,NA,NA,NA,NA,NA,NA
Moana,Original,0,2016-11-23T00:00:00Z,Walt Disney Pictures,NA,NA,NA,NA,NA,NA,NA
Doctor Strange,Original,1,2016-11-04T00:00:00Z,Marvel,NA,NA,NA,NA,NA,NA,NA
Queen of Katwe,Original,1,2016-09-30T00:00:00Z,Walt Disney Pictures,NA,NA,NA,NA,NA,NA,NA
Pete's Dragon,Original,1,2016-08-12T00:00:00Z,Walt Disney Pictures,NA,NA,NA,NA,NA,NA,NA
The BFG,Original,1,2016-07-01T00:00:00Z,Walt Disney Pictures,NA,NA,NA,NA,NA,NA,NA
Finding Dory,Sequel,0,2016-06-17T00:00:00Z,Walt Disney Pictures,NA,NA,NA,NA,NA,NA,NA
Finding Dory,Sequel,0,2016-06-17T00:00:00Z,Pixar,NA,NA,NA,NA,NA,NA,NA
Alice Through the Looking Glass,Sequel,1,2016-05-27T00:00:00Z,Walt Disney Pictures,NA,NA,NA,NA,NA,NA,NA
Tini: The Movie,Original,1,2016-05-06T00:00:00Z,Walt Disney Pictures,NA,NA,NA,NA,NA,NA,NA
Captain America: Civil War,Sequel,1,2016-05-06T00:00:00Z,Marvel,NA,NA,NA,NA,NA,NA,NA
The Jungle Book,Remaster,1,2016-04-15T00:00:00Z,Walt Disney Pictures,NA,NA,NA,NA,NA,NA,NA
Zootopia,Original,0,2016-03-04T00:00:00Z,Walt Disney Pictures,NA,NA,NA,NA,NA,NA,NA
The Finest Hours,Original,1,2016-01-29T00:00:00Z,Walt Disney Pictures,NA,NA,NA,NA,NA,NA,NA
Star Wars: The Force Awakens,Sequel,0,2015-12-18T00:00:00Z,Lucasfilm,NA,NA,NA,NA,NA,NA,NA
The Good Dinosaur,Original,0,2015-11-25T00:00:00Z,Walt Disney Pictures,NA,NA,NA,NA,NA,NA,NA
The Good Dinosaur,Original,0,2015-11-25T00:00:00Z,Pixar,NA,NA,NA,NA,NA,NA,NA
Ant-Man,Original,1,2015-07-17T00:00:00Z,Marvel,NA,NA,NA,NA,NA,NA,NA
Inside Out,Original,0,2015-06-19T00:00:00Z,Walt Disney Pictures,NA,NA,NA,NA,NA,NA,NA
ABCD 2,Sequel,0,2015-06-19T00:00:00Z,Walt Disney Pictures,NA,NA,NA,NA,NA,NA,NA
Inside Out,Original,0,2015-06-19T00:00:00Z,Pixar,NA,NA,NA,NA,NA,NA,NA
Tomorrowland,Original,1,2015-05-22T00:00:00Z,Walt Disney Pictures,NA,NA,NA,NA,NA,NA,NA
Avengers: Age of Ultron,Sequel,1,2015-05-01T00:00:00Z,Marvel,NA,NA,NA,NA,NA,NA,NA
Monkey Kingdom,Original,0,2015-04-17T00:00:00Z,Walt Disney Pictures,NA,NA,NA,NA,NA,NA,NA
Cinderella,Remaster,1,2015-03-13T00:00:00Z,Walt Disney Pictures,NA,NA,NA,NA,NA,NA,NA
Tinker Bell and the Legend of the NeverBeast,Sequel,0,2015-03-03T00:00:00Z,Walt Disney Pictures,NA,NA,NA,NA,NA,NA,NA
"McFarland, USA",Original,0,2015-02-20T00:00:00Z,Walt Disney Pictures,NA,NA,NA,NA,NA,NA,NA
Strange Magic,Original,0,2015-01-23T00:00:00Z,Lucasfilm,NA,NA,NA,NA,NA,NA,NA
Into the Woods,Original,1,2014-12-25T00:00:00Z,Walt Disney Pictures,NA,NA,NA,NA,NA,NA,NA
Big Hero 6,Original,1,2014-11-07T00:00:00Z,Walt Disney Pictures,NA,NA,NA,NA,NA,NA,NA
"Alexander and the Terrible, Horrible, No Good, Very Bad Day",Original,1,2014-10-10T00:00:00Z,Walt Disney Pictures,NA,NA,NA,NA,NA,NA,NA
Khoobsurat,Remaster,0,2014-09-19T00:00:00Z,Walt Disney Pictures,NA,NA,NA,NA,NA,NA,NA
Guardians of the Galaxy,Original,1,2014-08-01T00:00:00Z,Marvel,NA,NA,NA,NA,NA,NA,NA
Planes: Fire & Rescue,Sequel,0,2014-07-18T00:00:00Z,Walt Disney Pictures,NA,NA,NA,NA,NA,NA,NA
Maleficent,Original,0,2014-05-30T00:00:00Z,Walt Disney Pictures,NA,NA,NA,NA,NA,NA,NA
Million Dollar Arm,Original,0,2014-05-16T00:00:00Z,Walt Disney Pictures,NA,NA,NA,NA,NA,NA,NA
Bears,Original,0,2014-04-18T00:00:00Z,Walt Disney Pictures,NA,NA,NA,NA,NA,NA,NA
Captain America: The Winter Soldier,Sequel,1,2014-04-04T00:00:00Z,Marvel,NA,NA,NA,NA,NA,NA,NA
The Pirate Fairy,Sequel,0,2014-04-01T00:00:00Z,Walt Disney Pictures,NA,NA,NA,NA,NA,NA,NA
Muppets Most Wanted,Sequel,0,2014-03-21T00:00:00Z,Walt Disney Pictures,NA,NA,NA,NA,NA,NA,NA
Saving Mr. Banks,Original,0,2013-12-13T00:00:00Z,Walt Disney Pictures,NA,NA,NA,NA,NA,NA,NA
Frozen,Original,0,2013-11-27T00:00:00Z,Walt Disney Pictures,NA,NA,NA,NA,NA,NA,NA
Thor: The Dark World,Sequel,1,2013-11-08T00:00:00Z,Marvel,NA,NA,NA,NA,NA,NA,NA
Super Buddies,Sequel,0,2013-08-27T00:00:00Z,Walt Disney Pictures,NA,NA,NA,NA,NA,NA,NA
Planes,Spin-off,0,2013-08-09T00:00:00Z,Walt Disney Pictures,NA,NA,NA,NA,NA,NA,NA
The Lone Ranger,Remaster,0,2013-07-03T00:00:00Z,Walt Disney Pictures,NA,NA,NA,NA,NA,NA,NA
Monsters University,Sequel,0,2013-06-21T00:00:00Z,Pixar,NA,NA,NA,NA,NA,NA,NA
Monsters University,Prequel,0,2013-06-21T00:00:00Z,Walt Disney Pictures,NA,NA,NA,NA,NA,NA,NA
Iron Man 3,Sequel,1,2013-05-03T00:00:00Z,Marvel,NA,NA,NA,NA,NA,NA,NA
Wings of Life,Original,0,2013-04-16T00:00:00Z,Walt Disney Pictures,NA,NA,NA,NA,NA,NA,NA
Oz the Great and Powerful,Prequel,1,2013-03-08T00:00:00Z,Walt Disney Pictures,NA,NA,NA,NA,NA,NA,NA
Wreck-It Ralph,Original,0,2012-11-02T00:00:00Z,Walt Disney Pictures,NA,NA,NA,NA,NA,NA,NA
Secret of the Wings,Sequel,0,2012-10-23T00:00:00Z,Walt Disney Pictures,NA,NA,NA,NA,NA,NA,NA
Frankenweenie,Original,0,2012-10-05T00:00:00Z,Walt Disney Pictures,NA,NA,NA,NA,NA,NA,NA
Beverly Hills Chihuahua 3: Viva la Fiesta!,Sequel,0,2012-09-18T00:00:00Z,Walt Disney Pictures,Beverly Hills Chihuahua got THREE movies?!?!,NA,NA,NA,NA,NA,NA
The Odd Life of Timothy Green,Original,0,2012-08-15T00:00:00Z,Walt Disney Pictures,NA,NA,NA,NA,NA,NA,NA
Brave,Original,0,2012-06-22T00:00:00Z,Pixar,NA,NA,NA,NA,NA,NA,NA
Brave,Original,0,2012-06-22T00:00:00Z,Walt Disney Pictures,NA,NA,NA,NA,NA,NA,NA
Arjun: The Warrior Prince,Original,1,2012-05-25T00:00:00Z,Walt Disney Pictures,NA,NA,NA,NA,NA,NA,NA
The Avengers,Original,1,2012-05-04T00:00:00Z,Marvel,NA,NA,NA,NA,NA,NA,NA
Chimpanzee,Original,0,2012-04-20T00:00:00Z,Walt Disney Pictures,NA,NA,NA,NA,NA,NA,NA
John Carter,Original,1,2012-03-09T00:00:00Z,Walt Disney Pictures,NA,NA,NA,NA,NA,NA,NA
The Secret World of Arrietty,Original,1,2012-02-17T00:00:00Z,Walt Disney Pictures,NA,NA,NA,NA,NA,NA,NA
Treasure Buddies,Sequel,0,2012-01-31T00:00:00Z,Walt Disney Pictures,NA,NA,NA,NA,NA,NA,NA
Red Tails,Original,1,2012-01-11T00:00:00Z,Lucasfilm,NA,NA,NA,NA,NA,NA,NA
The Muppets,Original,0,2011-11-23T00:00:00Z,Walt Disney Pictures,NA,NA,NA,NA,NA,NA,NA
Spooky Buddies,Original,0,2011-09-20T00:00:00Z,Walt Disney Pictures,NA,NA,NA,NA,NA,NA,NA
Captain America: The First Avenger,Original,1,2011-07-22T00:00:00Z,Marvel,NA,NA,NA,NA,NA,NA,NA
Winnie the Pooh,Sequel,1,2011-07-15T00:00:00Z,Walt Disney Pictures,NA,NA,NA,NA,NA,NA,NA
Cars 2,Sequel,0,2011-06-24T00:00:00Z,Pixar,NA,NA,NA,NA,NA,NA,NA
Cars 2,Sequel,0,2011-06-24T00:00:00Z,Walt Disney Pictures,NA,NA,NA,NA,NA,NA,NA
Pirates of the Caribbean: On Stranger Tides,Sequel,0,2011-05-20T00:00:00Z,Walt Disney Pictures,NA,NA,NA,NA,NA,NA,NA
Thor,Original,1,2011-05-06T00:00:00Z,Marvel,NA,NA,NA,NA,NA,NA,NA
Prom,Original,0,2011-04-29T00:00:00Z,Walt Disney Pictures,NA,NA,NA,NA,NA,NA,NA
Zokkomon,Original,0,2011-04-22T00:00:00Z,Walt Disney Pictures,NA,NA,NA,NA,NA,NA,NA
African Cats,Original,0,2011-04-22T00:00:00Z,Walt Disney Pictures,NA,NA,NA,NA,NA,NA,NA
Mars Needs Moms,Original,0,2011-03-11T00:00:00Z,Walt Disney Pictures,NA,NA,NA,NA,NA,NA,NA
Lilly the Witch: The Journey to Mandolan,Sequel,0,2011-02-17T00:00:00Z,Walt Disney Pictures,NA,NA,NA,NA,NA,NA,NA
Beverly Hills Chihuahua 2,Sequel,0,2011-02-01T00:00:00Z,Walt Disney Pictures,NA,NA,NA,NA,NA,NA,NA
Anaganaga O Dheerudu,Original,0,2011-01-21T00:00:00Z,Walt Disney Pictures,NA,NA,NA,NA,NA,NA,NA
Tron: Legacy,Remaster,0,2010-12-17T00:00:00Z,Walt Disney Pictures,NA,NA,NA,NA,NA,NA,NA
Tangled,Original,1,2010-11-24T00:00:00Z,Walt Disney Pictures,NA,NA,NA,NA,NA,NA,NA
Secretariat,Original,0,2010-10-08T00:00:00Z,Walt Disney Pictures,NA,NA,NA,NA,NA,NA,NA
Do Dooni Chaar,Original,0,2010-10-08T00:00:00Z,Walt Disney Pictures,NA,NA,NA,NA,NA,NA,NA
Fuchsia the Mini-Witch,Original,1,2010-10-06T00:00:00Z,Walt Disney Pictures,NA,NA,NA,NA,NA,NA,NA
Tinker Bell and the Great Fairy Rescue,Sequel,0,2010-09-21T00:00:00Z,Walt Disney Pictures,NA,NA,NA,NA,NA,NA,NA
The Crimson Wing: Mystery of the Flamingos,Original,0,2010-09-07T00:00:00Z,Walt Disney Pictures,NA,NA,NA,NA,NA,NA,NA
Tales from Earthsea,Original,1,2010-08-13T00:00:00Z,Walt Disney Pictures,NA,NA,NA,NA,NA,NA,NA
The Sorcerer's Apprentice,Original,1,2010-07-14T00:00:00Z,Walt Disney Pictures,NA,NA,NA,NA,NA,NA,NA
Toy Story 3,Sequel,0,2010-06-18T00:00:00Z,Pixar,NA,NA,NA,NA,NA,NA,NA
Toy Story 3,Sequel,0,2010-06-18T00:00:00Z,Walt Disney Pictures,NA,NA,NA,NA,NA,NA,NA
Prince of Persia: The Sands of Time,Original,1,2010-05-28T00:00:00Z,Walt Disney Pictures,NA,NA,NA,NA,NA,NA,NA
Iron Man 2,Sequel,1,2010-05-07T00:00:00Z,Marvel,NA,NA,NA,NA,NA,NA,NA
Oceans,Original,0,2010-04-22T00:00:00Z,Walt Disney Pictures,NA,NA,NA,NA,NA,NA,NA
Waking Sleeping Beauty,Original,0,2010-03-26T00:00:00Z,Walt Disney Pictures,NA,NA,NA,NA,NA,NA,NA
Alice in Wonderland,Original,1,2010-03-05T00:00:00Z,Walt Disney Pictures,NA,NA,NA,NA,NA,NA,NA
The Princess and the Frog,Original,1,2009-12-11T00:00:00Z,Walt Disney Pictures,NA,NA,NA,NA,NA,NA,NA
Old Dogs,Original,0,2009-11-25T00:00:00Z,Walt Disney Pictures,NA,NA,NA,NA,NA,NA,NA
Disney's A Christmas Carol,Original,1,2009-11-06T00:00:00Z,Walt Disney Pictures,NA,NA,NA,NA,NA,NA,NA
The Book of Masters,Original,1,2009-10-29T00:00:00Z,Walt Disney Pictures,NA,NA,NA,NA,NA,NA,NA
Tinker Bell and the Lost Treasure,Sequel,1,2009-10-27T00:00:00Z,Walt Disney Pictures,NA,NA,NA,NA,NA,NA,NA
SpangaS op Survival,Original,0,2009-09-30T00:00:00Z,Walt Disney Pictures,NA,NA,NA,NA,NA,NA,NA
Walt & El Grupo,Original,0,2009-09-09T00:00:00Z,Walt Disney Pictures,NA,NA,NA,NA,NA,NA,NA
Ponyo,Original,0,2009-08-14T00:00:00Z,Walt Disney Pictures,NA,NA,NA,NA,NA,NA,NA
G-Force,Original,0,2009-07-24T00:00:00Z,Walt Disney Pictures,NA,NA,NA,NA,NA,NA,NA
Lilly the Witch: The Dragon and the Magic Book,Original,1,2009-06-12T00:00:00Z,Walt Disney Pictures,NA,NA,NA,NA,NA,NA,NA
Up,Original,0,2009-05-29T00:00:00Z,Pixar,NA,NA,NA,NA,NA,NA,NA
Up,Original,0,2009-05-29T00:00:00Z,Walt Disney Pictures,NA,NA,NA,NA,NA,NA,NA
The Boys: The Sherman Brothers' Story,Original,0,2009-05-22T00:00:00Z,Walt Disney Pictures,NA,NA,NA,NA,NA,NA,NA
Trail of the Panda,Original,0,2009-05-08T00:00:00Z,Walt Disney Pictures,NA,NA,NA,NA,NA,NA,NA
Earth,Original,0,2009-04-22T00:00:00Z,Walt Disney Pictures,NA,NA,NA,NA,NA,NA,NA
Hannah Montana: The Movie,Original,1,2009-04-10T00:00:00Z,Walt Disney Pictures,NA,NA,NA,NA,NA,NA,NA
Race to Witch Mountain,Original,1,2009-03-13T00:00:00Z,Walt Disney Pictures,NA,NA,NA,NA,NA,NA,NA
Jonas Brothers: The 3D Concert Experience,Original,0,2009-02-27T00:00:00Z,Walt Disney Pictures,NA,NA,NA,NA,NA,NA,NA
Bedtime Stories,Original,0,2008-12-25T00:00:00Z,Walt Disney Pictures,NA,NA,NA,NA,NA,NA,NA
Bolt,Original,0,2008-11-21T00:00:00Z,Walt Disney Pictures,NA,NA,NA,NA,NA,NA,NA
Tinker Bell,Original,1,2008-10-28T00:00:00Z,Walt Disney Pictures,NA,NA,NA,NA,NA,NA,NA
High School Musical 3: Senior Year,Sequel,0,2008-10-24T00:00:00Z,Walt Disney Pictures,NA,NA,NA,NA,NA,NA,NA
Roadside Romeo,Original,0,2008-10-24T00:00:00Z,Walt Disney Pictures,NA,NA,NA,NA,NA,NA,NA
Morning Light,Original,0,2008-10-17T00:00:00Z,Walt Disney Pictures,NA,NA,NA,NA,NA,NA,NA
Beverly Hills Chihuahua,Original,0,2008-10-03T00:00:00Z,Walt Disney Pictures,NA,NA,NA,NA,NA,NA,NA
The Little Mermaid: Ariel's Beginning,Prequel,0,2008-08-26T00:00:00Z,Walt Disney Pictures,NA,NA,NA,NA,NA,NA,NA
Star Wars: The Clone Wars,Spin-off,0,2008-08-10T00:00:00Z,Lucasfilm,NA,NA,NA,NA,NA,NA,NA
WALL-E,Original,0,2008-06-27T00:00:00Z,Pixar,NA,NA,NA,NA,NA,NA,NA
WALL-E,Original,0,2008-06-27T00:00:00Z,Walt Disney Pictures,NA,NA,NA,NA,NA,NA,NA
The Incredible Hulk,Original,1,2008-06-13T00:00:00Z,Marvel,NA,NA,NA,NA,NA,NA,NA
Indiana Jones and the Kingdom of the Crystal Skull,Sequel,0,2008-05-22T00:00:00Z,Lucasfilm,NA,NA,NA,NA,NA,NA,NA
The Chronicles of Narnia: Prince Caspian,Sequel,1,2008-05-16T00:00:00Z,Walt Disney Pictures,NA,NA,NA,NA,NA,NA,NA
Iron Man,Original,1,2008-05-02T00:00:00Z,Marvel,NA,NA,NA,NA,NA,NA,NA
College Road Trip,Original,0,2008-03-07T00:00:00Z,Walt Disney Pictures,NA,NA,NA,NA,NA,NA,NA
Hannah Montana and Miley Cyrus: Best of Both Worlds Concert,Original,0,2008-02-01T00:00:00Z,Walt Disney Pictures,NA,NA,NA,NA,NA,NA,NA
National Treasure: Book of Secrets,Sequel,0,2007-12-21T00:00:00Z,Walt Disney Pictures,NA,NA,NA,NA,NA,NA,NA
Enchanted,Original,0,2007-11-21T00:00:00Z,Walt Disney Pictures,NA,NA,NA,NA,NA,NA,NA
The Game Plan,Original,0,2007-09-28T00:00:00Z,Walt Disney Pictures,NA,NA,NA,NA,NA,NA,NA
The Pixar Story,Original,0,2007-08-28T00:00:00Z,Walt Disney Pictures,NA,NA,NA,NA,NA,NA,NA
Underdog,Original,0,2007-08-03T00:00:00Z,Walt Disney Pictures,NA,NA,NA,NA,NA,NA,NA
Ratatouille,Original,0,2007-06-29T00:00:00Z,Pixar,NA,NA,NA,NA,NA,NA,NA
Ratatouille,Original,0,2007-06-29T00:00:00Z,Walt Disney Pictures,NA,NA,NA,NA,NA,NA,NA
The Secret of the Magic Gourd,Original,0,2007-06-29T00:00:00Z,Walt Disney Pictures,NA,NA,NA,NA,NA,NA,NA
Pirates of the Caribbean: At World's End,Sequel,0,2007-05-25T00:00:00Z,Walt Disney Pictures,NA,NA,NA,NA,NA,NA,NA
Meet the Robinsons,Original,1,2007-03-30T00:00:00Z,Walt Disney Pictures,NA,NA,NA,NA,NA,NA,NA
Bridge to Terabithia,Original,1,2007-02-16T00:00:00Z,Walt Disney Pictures,NA,NA,NA,NA,NA,NA,NA
Cinderella III: A Twist in Time,Sequel,0,2007-02-06T00:00:00Z,Walt Disney Pictures,NA,NA,NA,NA,NA,NA,NA
The Fox and the Hound 2,Sequel,0,2006-12-12T00:00:00Z,Walt Disney Pictures,NA,NA,NA,NA,NA,NA,NA
The Santa Clause 3: The Escape Clause,Sequel,0,2006-11-03T00:00:00Z,Walt Disney Pictures,NA,NA,NA,NA,NA,NA,NA
The Nightmare Before Christmas 3D,Original,0,2006-10-20T00:00:00Z,Walt Disney Pictures,NA,NA,NA,NA,NA,NA,NA
Brother Bear 2,Sequel,0,2006-08-29T00:00:00Z,Walt Disney Pictures,NA,NA,NA,NA,NA,NA,NA
Invincible,Original,0,2006-08-25T00:00:00Z,Walt Disney Pictures,NA,NA,NA,NA,NA,NA,NA
Pirates of the Caribbean: Dead Man's Chest,Sequel,0,2006-07-07T00:00:00Z,Walt Disney Pictures,NA,NA,NA,NA,NA,NA,NA
Leroy & Stitch,Sequel,0,2006-06-27T00:00:00Z,Walt Disney Pictures,NA,NA,NA,NA,NA,NA,NA
Cars,Original,0,2006-06-09T00:00:00Z,Pixar,NA,NA,NA,NA,NA,NA,NA
Cars,Original,0,2006-06-09T00:00:00Z,Walt Disney Pictures,NA,NA,NA,NA,NA,NA,NA
The Wild,Original,0,2006-04-14T00:00:00Z,Walt Disney Pictures,NA,NA,NA,NA,NA,NA,NA
The Shaggy Dog,Remaster,1,2006-03-10T00:00:00Z,Walt Disney Pictures,NA,NA,NA,NA,NA,NA,NA
Eight Below,Remaster,0,2006-02-17T00:00:00Z,Walt Disney Pictures,NA,NA,NA,NA,NA,NA,NA
Bambi II,Sequel,0,2006-02-07T00:00:00Z,Walt Disney Pictures,NA,NA,NA,NA,NA,NA,NA
Roving Mars,Original,0,2006-01-27T00:00:00Z,Walt Disney Pictures,NA,NA,NA,NA,NA,NA,NA
Glory Road,Original,0,2006-01-13T00:00:00Z,Walt Disney Pictures,NA,NA,NA,NA,NA,NA,NA
Kronk's New Groove,Sequel,0,2005-12-13T00:00:00Z,Walt Disney Pictures,NA,NA,NA,NA,NA,NA,NA
"The Chronicles of Narnia: The Lion, the Witch and the Wardrobe",Original,1,2005-12-09T00:00:00Z,Walt Disney Pictures,NA,NA,NA,NA,NA,NA,NA
Chicken Little,Original,1,2005-11-04T00:00:00Z,Walt Disney Pictures,NA,NA,NA,NA,NA,NA,NA
The Greatest Game Ever Played,Original,1,2005-09-30T00:00:00Z,Walt Disney Pictures,NA,NA,NA,NA,NA,NA,NA
Pooh's Heffalump Halloween Movie,Sequel,0,2005-09-13T00:00:00Z,Walt Disney Pictures,NA,NA,NA,NA,NA,NA,NA
Lilo & Stitch 2: Stitch Has a Glitch,Sequel,0,2005-08-30T00:00:00Z,Walt Disney Pictures,NA,NA,NA,NA,NA,NA,NA
Valiant,Original,0,2005-08-19T00:00:00Z,Walt Disney Pictures,NA,NA,NA,NA,NA,NA,NA
Sky High,Original,0,2005-07-29T00:00:00Z,Walt Disney Pictures,NA,NA,NA,NA,NA,NA,NA
Howl's Moving Castle,Original,0,2005-07-10T00:00:00Z,Walt Disney Pictures,NA,NA,NA,NA,NA,NA,NA
Herbie: Fully Loaded,Sequel,0,2005-06-22T00:00:00Z,Walt Disney Pictures,NA,NA,NA,NA,NA,NA,NA
Tarzan II,Sequel,0,2005-06-14T00:00:00Z,Walt Disney Pictures,NA,NA,NA,NA,NA,NA,NA
Star Wars: Episode III: Revenge of the Sith,Prequel,0,2005-05-19T00:00:00Z,Lucasfilm,NA,NA,NA,NA,NA,NA,NA
Ice Princess,Original,0,2005-03-18T00:00:00Z,Walt Disney Pictures,NA,NA,NA,NA,NA,NA,NA
The Pacifier,Original,0,2005-03-04T00:00:00Z,Walt Disney Pictures,NA,NA,NA,NA,NA,NA,NA
Pooh's Heffalump Movie,Original,0,2005-02-11T00:00:00Z,Walt Disney Pictures,NA,NA,NA,NA,NA,NA,NA
Mulan II,Sequel,0,2005-02-01T00:00:00Z,Walt Disney Pictures,NA,NA,NA,NA,NA,NA,NA
Aliens of the Deep,Original,0,2005-01-28T00:00:00Z,Walt Disney Pictures,NA,NA,NA,NA,NA,NA,NA
National Treasure,Original,0,2004-11-19T00:00:00Z,Walt Disney Pictures,NA,NA,NA,NA,NA,NA,NA
Mickey's Twice Upon a Christmas,Sequel,0,2004-11-09T00:00:00Z,Walt Disney Pictures,NA,NA,NA,NA,NA,NA,NA
The Incredibles,Original,0,2004-11-05T00:00:00Z,Pixar,NA,NA,NA,NA,NA,NA,NA
The Incredibles,Original,0,2004-11-05T00:00:00Z,Walt Disney Pictures,NA,NA,NA,NA,NA,NA,NA
"Mickey, Donald, Goofy: The Three Musketeers",Original,1,2004-08-17T00:00:00Z,Walt Disney Pictures,NA,NA,NA,NA,NA,NA,NA
The Princess Diaries 2: Royal Engagement,Sequel,0,2004-08-11T00:00:00Z,Walt Disney Pictures,NA,NA,NA,NA,NA,NA,NA
America's Heart and Soul,Original,0,2004-07-02T00:00:00Z,Walt Disney Pictures,NA,NA,NA,NA,NA,NA,NA
Around the World in 80 Days,Original,1,2004-06-16T00:00:00Z,Walt Disney Pictures,NA,NA,NA,NA,NA,NA,NA
Sacred Planet,Original,0,2004-04-22T00:00:00Z,Walt Disney Pictures,NA,NA,NA,NA,NA,NA,NA
Home on the Range,Original,0,2004-04-02T00:00:00Z,Walt Disney Pictures,NA,NA,NA,NA,NA,NA,NA
Springtime with Roo,Original,1,2004-03-09T00:00:00Z,Walt Disney Pictures,NA,NA,NA,NA,NA,NA,NA
Confessions of a Teenage Drama Queen,Original,1,2004-02-20T00:00:00Z,Walt Disney Pictures,NA,NA,NA,NA,NA,NA,NA
The Lion King 1½,Sequel,0,2004-02-10T00:00:00Z,Walt Disney Pictures,NA,NA,NA,NA,NA,NA,NA
Miracle,Original,0,2004-02-06T00:00:00Z,Walt Disney Pictures,NA,NA,NA,NA,NA,NA,NA
Teacher's Pet,Original,1,2004-01-16T00:00:00Z,Walt Disney Pictures,NA,NA,NA,NA,NA,NA,NA
The Young Black Stallion,Original,1,2003-12-25T00:00:00Z,Walt Disney Pictures,NA,NA,NA,NA,NA,NA,NA
The Haunted Mansion,Original,1,2003-11-26T00:00:00Z,Walt Disney Pictures,NA,NA,NA,NA,NA,NA,NA
Brother Bear,Original,0,2003-11-01T00:00:00Z,Walt Disney Pictures,NA,NA,NA,NA,NA,NA,NA
George of the Jungle 2,Sequel,0,2003-10-21T00:00:00Z,Walt Disney Pictures,NA,NA,NA,NA,NA,NA,NA
Stitch! The Movie,Sequel,0,2003-08-26T00:00:00Z,Walt Disney Pictures,NA,NA,NA,NA,NA,NA,NA
Freaky Friday,Remaster,1,2003-08-06T00:00:00Z,Walt Disney Pictures,NA,NA,NA,NA,NA,NA,NA
Pirates of the Caribbean: The Curse of the Black Pearl,Original,1,2003-07-09T00:00:00Z,Walt Disney Pictures,Based on theme park ride,NA,NA,NA,NA,NA,NA
Finding Nemo,Original,0,2003-05-30T00:00:00Z,Pixar,NA,NA,NA,NA,NA,NA,NA
Finding Nemo,Original,0,2003-05-30T00:00:00Z,Walt Disney Pictures,NA,NA,NA,NA,NA,NA,NA
Atlantis: Milo's Return,Sequel,0,2003-05-20T00:00:00Z,Walt Disney Pictures,NA,NA,NA,NA,NA,NA,NA
The Lizzie McGuire Movie,Original,1,2003-05-02T00:00:00Z,Walt Disney Pictures,NA,NA,NA,NA,NA,NA,NA
Holes,Original,1,2003-04-18T00:00:00Z,Walt Disney Pictures,NA,NA,NA,NA,NA,NA,NA
Ghosts of the Abyss,Original,0,2003-04-11T00:00:00Z,Walt Disney Pictures,NA,NA,NA,NA,NA,NA,NA
Piglet's Big Movie,Original,1,2003-03-21T00:00:00Z,Walt Disney Pictures,NA,NA,NA,NA,NA,NA,NA
Inspector Gadget 2,Sequel,1,2003-03-11T00:00:00Z,Walt Disney Pictures,NA,NA,NA,NA,NA,NA,NA
The Jungle Book 2,Original,0,2003-02-14T00:00:00Z,Walt Disney Pictures,NA,NA,NA,NA,NA,NA,NA
101 Dalmatians II: Patch's London Adventure,Sequel,0,2003-01-21T00:00:00Z,Walt Disney Pictures,NA,NA,NA,NA,NA,NA,NA
Treasure Planet,Original,1,2002-11-27T00:00:00Z,Walt Disney Pictures,NA,NA,NA,NA,NA,NA,NA
The Santa Clause 2,Sequel,0,2002-11-01T00:00:00Z,Walt Disney Pictures,NA,NA,NA,NA,NA,NA,NA
Tuck Everlasting,Original,1,2002-10-11T00:00:00Z,Walt Disney Pictures,NA,NA,NA,NA,NA,NA,NA
Spirited Away,Original,0,2002-09-20T00:00:00Z,Walt Disney Pictures,NA,NA,NA,NA,NA,NA,NA
Mickey's House of Villains,Sequel,1,2002-09-03T00:00:00Z,Walt Disney Pictures,NA,NA,NA,NA,NA,NA,NA
The Country Bears,Original,1,2002-07-26T00:00:00Z,Walt Disney Pictures,Theme park ride,NA,NA,NA,NA,NA,NA
Tarzan & Jane,Sequel,0,2002-07-23T00:00:00Z,Walt Disney Pictures,NA,NA,NA,NA,NA,NA,NA
Lilo & Stitch,Original,0,2002-06-21T00:00:00Z,Walt Disney Pictures,NA,NA,NA,NA,NA,NA,NA
Star Wars: Episode II: Attack of the Clones,Prequel,0,2002-05-16T00:00:00Z,Lucasfilm,NA,NA,NA,NA,NA,NA,NA
The Rookie,Original,0,2002-03-29T00:00:00Z,Walt Disney Pictures,NA,NA,NA,NA,NA,NA,NA
The Hunchback of Notre Dame II,Sequel,0,2002-03-19T00:00:00Z,Walt Disney Pictures,NA,NA,NA,NA,NA,NA,NA
Cinderella II: Dreams Come True,Sequel,0,2002-02-26T00:00:00Z,Walt Disney Pictures,NA,NA,NA,NA,NA,NA,NA
Return to Never Land,Sequel,0,2002-02-15T00:00:00Z,Walt Disney Pictures,NA,NA,NA,NA,NA,NA,NA
Snow Dogs,Original,1,2002-01-18T00:00:00Z,Walt Disney Pictures,NA,NA,NA,NA,NA,NA,NA
Mickey's Magical Christmas: Snowed in at the House of Mouse,Original,0,2001-11-06T00:00:00Z,Walt Disney Pictures,NA,NA,NA,NA,NA,NA,NA
"Monsters, Inc.",Original,0,2001-11-02T00:00:00Z,Pixar,NA,NA,NA,NA,NA,NA,NA
"Monsters, Inc.",Original,0,2001-11-02T00:00:00Z,Walt Disney Pictures,NA,NA,NA,NA,NA,NA,NA
Max Keeble's Big Move,Original,0,2001-10-05T00:00:00Z,Walt Disney Pictures,NA,NA,NA,NA,NA,NA,NA
The Princess Diaries,Original,1,2001-08-03T00:00:00Z,Walt Disney Pictures,NA,NA,NA,NA,NA,NA,NA
Atlantis: The Lost Empire,Original,0,2001-06-15T00:00:00Z,Walt Disney Pictures,NA,NA,NA,NA,NA,NA,NA
Lady and the Tramp II: Scamp's Adventure,Sequel,0,2001-02-27T00:00:00Z,Walt Disney Pictures,NA,NA,NA,NA,NA,NA,NA
Recess: School's Out,Original,1,2001-02-16T00:00:00Z,Walt Disney Pictures,NA,NA,NA,NA,NA,NA,NA
The Emperor's New Groove,Original,0,2000-12-15T00:00:00Z,Walt Disney Pictures,NA,NA,NA,NA,NA,NA,NA
102 Dalmatians,Sequel,0,2000-11-22T00:00:00Z,Walt Disney Pictures,NA,NA,NA,NA,NA,NA,NA
Remember the Titans,Original,0,2000-09-29T00:00:00Z,Walt Disney Pictures,NA,NA,NA,NA,NA,NA,NA
The Little Mermaid II: Return to the Sea,Sequel,0,2000-09-19T00:00:00Z,Walt Disney Pictures,NA,NA,NA,NA,NA,NA,NA
Buzz Lightyear of Star Command: The Adventure Begins,Spin-off,0,2000-08-08T00:00:00Z,Walt Disney Pictures,NA,NA,NA,NA,NA,NA,NA
The Kid,Original,0,2000-07-07T00:00:00Z,Walt Disney Pictures,NA,NA,NA,NA,NA,NA,NA
Dinosaur,Original,0,2000-05-19T00:00:00Z,Walt Disney Pictures,NA,NA,NA,NA,NA,NA,NA
Whispers: An Elephant's Tale,Original,0,2000-03-10T00:00:00Z,Walt Disney Pictures,NA,NA,NA,NA,NA,NA,NA
An Extremely Goofy Movie,Sequel,1,2000-02-29T00:00:00Z,Walt Disney Pictures,NA,NA,NA,NA,NA,NA,NA
The Tigger Movie,Original,1,2000-02-11T00:00:00Z,Walt Disney Pictures,NA,NA,NA,NA,NA,NA,NA
Fantasia 2000,Original,0,1999-12-17T00:00:00Z,Walt Disney Pictures,NA,NA,NA,NA,NA,NA,NA
Toy Story 2,Sequel,0,1999-11-24T00:00:00Z,Pixar,NA,NA,NA,NA,NA,NA,NA
Toy Story 2,Sequel,0,1999-11-24T00:00:00Z,Walt Disney Pictures,NA,NA,NA,NA,NA,NA,NA
Mickey's Once Upon a Christmas,Original,0,1999-11-09T00:00:00Z,Walt Disney Pictures,NA,NA,NA,NA,NA,NA,NA
The Straight Story,Original,0,1999-10-15T00:00:00Z,Walt Disney Pictures,NA,NA,NA,NA,NA,NA,NA
Hercules: Zero to Hero,Original,0,1999-08-17T00:00:00Z,Walt Disney Pictures,NA,NA,NA,NA,NA,NA,NA
Inspector Gadget,Original,1,1999-07-23T00:00:00Z,Walt Disney Pictures,NA,NA,NA,NA,NA,NA,NA
Tarzan,Original,1,1999-06-18T00:00:00Z,Walt Disney Pictures,NA,NA,NA,NA,NA,NA,NA
Star Wars: Episode I: The Phantom Menace,Prequel,0,1999-05-19T00:00:00Z,Lucasfilm,NA,NA,NA,NA,NA,NA,NA
Endurance,Original,0,1999-05-14T00:00:00Z,Walt Disney Pictures,NA,NA,NA,NA,NA,NA,NA
Doug's 1st Movie,Original,1,1999-03-26T00:00:00Z,Walt Disney Pictures,NA,NA,NA,NA,NA,NA,NA
My Favorite Martian,Original,1,1999-02-12T00:00:00Z,Walt Disney Pictures,NA,NA,NA,NA,NA,NA,NA
Mighty Joe Young,Original,0,1998-12-25T00:00:00Z,Walt Disney Pictures,NA,NA,NA,NA,NA,NA,NA
A Bug's Life,Original,0,1998-11-25T00:00:00Z,Pixar,NA,NA,NA,NA,NA,NA,NA
A Bug's Life,Original,0,1998-11-20T00:00:00Z,Walt Disney Pictures,NA,NA,NA,NA,NA,NA,NA
I'll Be Home for Christmas,Original,0,1998-11-13T00:00:00Z,Walt Disney Pictures,NA,NA,NA,NA,NA,NA,NA
The Lion King II: Simba's Pride,Sequel,0,1998-10-27T00:00:00Z,Walt Disney Pictures,NA,NA,NA,NA,NA,NA,NA
The Jungle Book: Mowgli's Story,Remaster,1,1998-09-29T00:00:00Z,Walt Disney Pictures,NA,NA,NA,NA,NA,NA,NA
Pocahontas II: Journey to a New World,Sequel,0,1998-08-04T00:00:00Z,Walt Disney Pictures,NA,NA,NA,NA,NA,NA,NA
The Parent Trap,Remaster,1,1998-07-29T00:00:00Z,Walt Disney Pictures,NA,NA,NA,NA,NA,NA,NA
Mulan,Original,1,1998-06-19T00:00:00Z,Walt Disney Pictures,NA,NA,NA,NA,NA,NA,NA
Meet the Deedles,Original,0,1998-03-27T00:00:00Z,Walt Disney Pictures,NA,NA,NA,NA,NA,NA,NA
Beauty and the Beast: Belle's Magical World,Sequel,0,1998-02-10T00:00:00Z,Walt Disney Pictures,NA,NA,NA,NA,NA,NA,NA
Mr. Magoo,Original,1,1997-12-25T00:00:00Z,Walt Disney Pictures,NA,NA,NA,NA,NA,NA,NA
Flubber,Remaster,1,1997-11-26T00:00:00Z,Walt Disney Pictures,NA,NA,NA,NA,NA,NA,NA
Beauty and the Beast: The Enchanted Christmas,Sequel,0,1997-11-11T00:00:00Z,Walt Disney Pictures,NA,NA,NA,NA,NA,NA,NA
RocketMan,Original,0,1997-10-10T00:00:00Z,Walt Disney Pictures,NA,NA,NA,NA,NA,NA,NA
Pooh's Grand Adventure: The Search for Christopher Robin,Original,1,1997-08-05T00:00:00Z,Walt Disney Pictures,NA,NA,NA,NA,NA,NA,NA
Air Bud,Original,0,1997-08-01T00:00:00Z,Walt Disney Pictures,NA,NA,NA,NA,NA,NA,NA
George of the Jungle,Original,1,1997-07-16T00:00:00Z,Walt Disney Pictures,NA,NA,NA,NA,NA,NA,NA
Hercules,Original,1,1997-06-27T00:00:00Z,Walt Disney Pictures,NA,NA,NA,NA,NA,NA,NA
Mighty Ducks the Movie: The First Face-Off,Remaster,0,1997-04-08T00:00:00Z,Walt Disney Pictures,NA,NA,NA,NA,NA,NA,NA
"Honey, We Shrunk Ourselves",Sequel,0,1997-03-18T00:00:00Z,Walt Disney Pictures,NA,NA,NA,NA,NA,NA,NA
Jungle 2 Jungle,Original,0,1997-03-07T00:00:00Z,Walt Disney Pictures,NA,NA,NA,NA,NA,NA,NA
That Darn Cat,Original,1,1997-02-14T00:00:00Z,Walt Disney Pictures,NA,NA,NA,NA,NA,NA,NA
101 Dalmatians,Original,1,1996-11-27T00:00:00Z,Walt Disney Pictures,NA,NA,NA,NA,NA,NA,NA
D3: The Mighty Ducks,Sequel,0,1996-10-04T00:00:00Z,Walt Disney Pictures,NA,NA,NA,NA,NA,NA,NA
First Kid,Original,0,1996-08-30T00:00:00Z,Walt Disney Pictures,NA,NA,NA,NA,NA,NA,NA
Aladdin and the King of Thieves,Sequel,0,1996-08-13T00:00:00Z,Walt Disney Pictures,NA,NA,NA,NA,NA,NA,NA
The Hunchback of Notre Dame,Original,1,1996-06-21T00:00:00Z,Walt Disney Pictures,NA,NA,NA,NA,NA,NA,NA
James and the Giant Peach,Original,1,1996-04-12T00:00:00Z,Walt Disney Pictures,NA,NA,NA,NA,NA,NA,NA
Homeward Bound II: Lost in San Francisco,Sequel,0,1996-03-08T00:00:00Z,Walt Disney Pictures,NA,NA,NA,NA,NA,NA,NA
Muppet Treasure Island,Original,1,1996-02-16T00:00:00Z,Walt Disney Pictures,NA,NA,NA,NA,NA,NA,NA
Tom and Huck,Original,0,1995-12-22T00:00:00Z,Walt Disney Pictures,NA,NA,NA,NA,NA,NA,NA
Toy Story,Original,0,1995-11-22T00:00:00Z,Pixar,NA,NA,NA,NA,NA,NA,NA
Toy Story,Original,0,1995-11-22T00:00:00Z,Walt Disney Pictures,NA,NA,NA,NA,NA,NA,NA
Frank and Ollie,Original,0,1995-10-20T00:00:00Z,Walt Disney Pictures,NA,NA,NA,NA,NA,NA,NA
The Big Green,Original,0,1995-09-29T00:00:00Z,Walt Disney Pictures,NA,NA,NA,NA,NA,NA,NA
A Kid in King Arthur's Court,Original,0,1995-08-11T00:00:00Z,Walt Disney Pictures,NA,NA,NA,NA,NA,NA,NA
Operation Dumbo Drop,Original,0,1995-07-28T00:00:00Z,Walt Disney Pictures,NA,NA,NA,NA,NA,NA,NA
Pocahontas,Original,0,1995-06-23T00:00:00Z,Walt Disney Pictures,NA,NA,NA,NA,NA,NA,NA
A Goofy Movie,Original,0,1995-04-07T00:00:00Z,Walt Disney Pictures,NA,NA,NA,NA,NA,NA,NA
Tall Tale,Original,0,1995-03-24T00:00:00Z,Walt Disney Pictures,NA,NA,NA,NA,NA,NA,NA
Man of the House,Original,0,1995-03-03T00:00:00Z,Walt Disney Pictures,NA,NA,NA,NA,NA,NA,NA
Heavyweights,Original,0,1995-02-17T00:00:00Z,Walt Disney Pictures,NA,NA,NA,NA,NA,NA,NA
Gargoyles the Movie: The Heroes Awaken,Original,0,1995-01-31T00:00:00Z,Walt Disney Pictures,NA,NA,NA,NA,NA,NA,NA
Rudyard Kipling's The Jungle Book,Remaster,0,1994-12-25T00:00:00Z,Walt Disney Pictures,NA,NA,NA,NA,NA,NA,NA
The Santa Clause,Original,0,1994-11-11T00:00:00Z,Walt Disney Pictures,NA,NA,NA,NA,NA,NA,NA
Squanto: A Warrior's Tale,Original,0,1994-10-28T00:00:00Z,Walt Disney Pictures,NA,NA,NA,NA,NA,NA,NA
Radioland Murders,Original,0,1994-10-21T00:00:00Z,Lucasfilm,NA,NA,NA,NA,NA,NA,NA
Angels in the Outfield,Original,0,1994-07-15T00:00:00Z,Walt Disney Pictures,NA,NA,NA,NA,NA,NA,NA
The Lion King,Original,0,1994-06-24T00:00:00Z,Walt Disney Pictures,NA,NA,NA,NA,NA,NA,NA
The Return of Jafar,Sequel,0,1994-05-20T00:00:00Z,Walt Disney Pictures,NA,NA,NA,NA,NA,NA,NA
White Fang 2: Myth of the White Wolf,Sequel,0,1994-04-15T00:00:00Z,Walt Disney Pictures,NA,NA,NA,NA,NA,NA,NA
D2: The Mighty Ducks,Sequel,0,1994-03-25T00:00:00Z,Walt Disney Pictures,NA,NA,NA,NA,NA,NA,NA
Blank Check,Original,0,1994-02-11T00:00:00Z,Walt Disney Pictures,NA,NA,NA,NA,NA,NA,NA
Iron Will,Original,0,1994-01-14T00:00:00Z,Walt Disney Pictures,NA,NA,NA,NA,NA,NA,NA
The Three Musketeers,Original,1,1993-11-12T00:00:00Z,Walt Disney Pictures,NA,NA,NA,NA,NA,NA,NA
Cool Runnings,Original,0,1993-10-01T00:00:00Z,Walt Disney Pictures,NA,NA,NA,NA,NA,NA,NA
Hocus Pocus,Original,0,1993-07-16T00:00:00Z,Walt Disney Pictures,NA,NA,NA,NA,NA,NA,NA
The Adventures of Huck Finn,Original,1,1993-04-02T00:00:00Z,Walt Disney Pictures,NA,NA,NA,NA,NA,NA,NA
A Far Off Place,Original,1,1993-03-12T00:00:00Z,Walt Disney Pictures,NA,NA,NA,NA,NA,NA,NA
Homeward Bound: The Incredible Journey,Original,1,1993-02-03T00:00:00Z,Walt Disney Pictures,NA,NA,NA,NA,NA,NA,NA
The Muppet Christmas Carol,Original,1,1992-12-11T00:00:00Z,Walt Disney Pictures,NA,NA,NA,NA,NA,NA,NA
Aladdin,Original,1,1992-11-25T00:00:00Z,Walt Disney Pictures,NA,NA,NA,NA,NA,NA,NA
The Mighty Ducks,Original,0,1992-10-02T00:00:00Z,Walt Disney Pictures,NA,NA,NA,NA,NA,NA,NA
"Honey, I Blew Up the Kid",Sequel,0,1992-07-17T00:00:00Z,Walt Disney Pictures,NA,NA,NA,NA,NA,NA,NA
Newsies,Original,0,1992-04-10T00:00:00Z,Walt Disney Pictures,NA,NA,NA,NA,NA,NA,NA
Beauty and the Beast,Original,1,1991-11-22T00:00:00Z,Walt Disney Pictures,NA,NA,NA,NA,NA,NA,NA
The Rocketeer,Original,1,1991-06-21T00:00:00Z,Walt Disney Pictures,NA,NA,NA,NA,NA,NA,NA
Wild Hearts Can't Be Broken,Original,1,1991-05-24T00:00:00Z,Walt Disney Pictures,NA,NA,NA,NA,NA,NA,NA
Shipwrecked,Original,1,1991-03-01T00:00:00Z,Walt Disney Pictures,NA,NA,NA,NA,NA,NA,NA
White Fang,Original,0,1991-01-18T00:00:00Z,Walt Disney Pictures,NA,NA,NA,NA,NA,NA,NA
The Rescuers Down Under,Sequel,0,1990-11-16T00:00:00Z,Walt Disney Pictures,NA,NA,NA,NA,NA,NA,NA
DuckTales the Movie: Treasure of the Lost Lamp,Original,1,1990-08-03T00:00:00Z,Walt Disney Pictures,NA,NA,NA,NA,NA,NA,NA
The Little Mermaid,Original,1,1989-11-17T00:00:00Z,Walt Disney Pictures,NA,NA,NA,NA,NA,NA,NA
Cheetah,Original,1,1989-08-18T00:00:00Z,Walt Disney Pictures,NA,NA,NA,NA,NA,NA,NA
"Honey, I Shrunk the Kids",Original,0,1989-06-23T00:00:00Z,Walt Disney Pictures,NA,NA,NA,NA,NA,NA,NA
Indiana Jones and the Last Crusade,Sequel,0,1989-05-24T00:00:00Z,Lucasfilm,NA,NA,NA,NA,NA,NA,NA
The Land Before Time,Original,1,1988-11-18T00:00:00Z,Lucasfilm,NA,NA,NA,NA,NA,NA,NA
Oliver & Company,Original,1,1988-11-18T00:00:00Z,Walt Disney Pictures,NA,NA,NA,NA,NA,NA,NA
Tucker: The Man and His Dream,Original,0,1988-08-12T00:00:00Z,Lucasfilm,NA,NA,NA,NA,NA,NA,NA
Willow,Original,0,1988-05-20T00:00:00Z,Lucasfilm,NA,NA,NA,NA,NA,NA,NA
Return to Snowy River,Sequel,0,1988-04-15T00:00:00Z,Walt Disney Pictures,NA,NA,NA,NA,NA,NA,NA
Benji the Hunted,Original,0,1987-06-19T00:00:00Z,Walt Disney Pictures,NA,NA,NA,NA,NA,NA,NA
Fluppy Dogs,Original,1,1986-11-27T00:00:00Z,Walt Disney Pictures,NA,NA,NA,NA,NA,NA,NA
Howard the Duck,Original,1,1986-08-01T00:00:00Z,Lucasfilm,NA,NA,NA,NA,NA,NA,NA
Flight of the Navigator,Original,0,1986-08-01T00:00:00Z,Walt Disney Pictures,NA,NA,NA,NA,NA,NA,NA
The Great Mouse Detective,Original,1,1986-07-02T00:00:00Z,Walt Disney Pictures,NA,NA,NA,NA,NA,NA,NA
Labyrinth,Original,0,1986-06-27T00:00:00Z,Lucasfilm,NA,NA,NA,NA,NA,NA,NA
One Magic Christmas,Original,0,1985-11-22T00:00:00Z,Walt Disney Pictures,NA,NA,NA,NA,NA,NA,NA
Mishima: A Life in Four Chapters,Original,0,1985-10-04T00:00:00Z,Lucasfilm,NA,NA,NA,NA,NA,NA,NA
Latino,Original,0,1985-10-02T00:00:00Z,Lucasfilm,NA,NA,NA,NA,NA,NA,NA
The Journey of Natty Gann,Original,0,1985-09-27T00:00:00Z,Walt Disney Pictures,NA,NA,NA,NA,NA,NA,NA
The Black Cauldron,Original,1,1985-07-24T00:00:00Z,Walt Disney Pictures,NA,NA,NA,NA,NA,NA,NA
Return to Oz,Sequel,1,1985-06-21T00:00:00Z,Walt Disney Pictures,Original not made by Disney,NA,NA,NA,NA,NA,NA
Indiana Jones and the Temple of Doom,Prequel,0,1984-05-23T00:00:00Z,Lucasfilm,NA,NA,NA,NA,NA,NA,NA
Never Cry Wolf,Original,1,1983-10-07T00:00:00Z,Walt Disney Pictures,NA,NA,NA,NA,NA,NA,NA
Twice Upon a Time,Original,0,1983-08-05T00:00:00Z,Lucasfilm,NA,NA,NA,NA,NA,NA,NA
Return of the Jedi,Sequel,0,1983-05-25T00:00:00Z,Lucasfilm,NA,NA,NA,NA,NA,NA,NA
Something Wicked This Way Comes,Original,1,1983-04-29T00:00:00Z,Walt Disney Pictures,NA,NA,NA,NA,NA,NA,NA
Trenchcoat,Original,0,1983-03-11T00:00:00Z,Walt Disney Pictures,NA,NA,NA,NA,NA,NA,NA
Tex,Original,1,1982-07-30T00:00:00Z,Walt Disney Pictures,NA,NA,NA,NA,NA,NA,NA
Tron,Original,0,1982-07-09T00:00:00Z,Walt Disney Pictures,NA,NA,NA,NA,NA,NA,NA
Night Crossing,Original,0,1982-02-05T00:00:00Z,Walt Disney Pictures,NA,NA,NA,NA,NA,NA,NA
Condorman,Original,1,1981-08-07T00:00:00Z,Walt Disney Pictures,NA,NA,NA,NA,NA,NA,NA
The Fox and the Hound,Original,1,1981-07-10T00:00:00Z,Walt Disney Pictures,NA,NA,NA,NA,NA,NA,NA
Dragonslayer,Original,0,1981-06-26T00:00:00Z,Walt Disney Pictures,NA,NA,NA,NA,NA,NA,NA
Raiders of the Lost Ark,Original,0,1981-06-12T00:00:00Z,Lucasfilm,NA,NA,NA,NA,NA,NA,NA
Amy,Original,0,1981-03-20T00:00:00Z,Walt Disney Pictures,NA,NA,NA,NA,NA,NA,NA
The Devil and Max Devlin,Original,0,1981-03-06T00:00:00Z,Walt Disney Pictures,NA,NA,NA,NA,NA,NA,NA
Popeye,Original,1,1980-12-12T00:00:00Z,Walt Disney Pictures,NA,NA,NA,NA,NA,NA,NA
Herbie Goes Bananas,Sequel,0,1980-06-25T00:00:00Z,Walt Disney Pictures,NA,NA,NA,NA,NA,NA,NA
The Last Flight of Noah's Ark,Original,1,1980-06-25T00:00:00Z,Walt Disney Pictures,NA,NA,NA,NA,NA,NA,NA
The Empire Strikes Back,Sequel,0,1980-05-21T00:00:00Z,Lucasfilm,NA,NA,NA,NA,NA,NA,NA
The Watcher in the Woods,Original,1,1980-04-17T00:00:00Z,Walt Disney Pictures,NA,NA,NA,NA,NA,NA,NA
Midnight Madness,Original,0,1980-02-08T00:00:00Z,Walt Disney Pictures,NA,NA,NA,NA,NA,NA,NA
The Black Hole,Original,0,1979-12-21T00:00:00Z,Walt Disney Pictures,NA,NA,NA,NA,NA,NA,NA
More American Graffiti,Sequel,0,1979-08-03T00:00:00Z,Lucasfilm,NA,NA,NA,NA,NA,NA,NA
Unidentified Flying Oddball,Original,1,1979-07-26T00:00:00Z,Walt Disney Pictures,NA,NA,NA,NA,NA,NA,NA
The Apple Dumpling Gang Rides Again,Sequel,0,1979-06-27T00:00:00Z,Walt Disney Pictures,NA,NA,NA,NA,NA,NA,NA
The North Avenue Irregulars,Original,0,1979-02-09T00:00:00Z,Walt Disney Pictures,NA,NA,NA,NA,NA,NA,NA
Hot Lead and Cold Feet,Original,0,1978-07-05T00:00:00Z,Walt Disney Pictures,NA,NA,NA,NA,NA,NA,NA
The Cat from Outer Space,Original,0,1978-06-09T00:00:00Z,Walt Disney Pictures,NA,NA,NA,NA,NA,NA,NA
Return from Witch Mountain,Sequel,0,1978-03-10T00:00:00Z,Walt Disney Pictures,NA,NA,NA,NA,NA,NA,NA
Candleshoe,Original,1,1977-12-16T00:00:00Z,Walt Disney Pictures,NA,NA,NA,NA,NA,NA,NA
Pete's Dragon,Original,0,1977-11-03T00:00:00Z,Walt Disney Pictures,NA,NA,NA,NA,NA,NA,NA
Herbie Goes to Monte Carlo,Sequel,0,1977-06-24T00:00:00Z,Walt Disney Pictures,NA,NA,NA,NA,NA,NA,NA
The Rescuers,Original,1,1977-06-22T00:00:00Z,Walt Disney Pictures,First animated movie to later get a sequel,NA,NA,NA,NA,NA,NA
Star Wars,Original,0,1977-05-25T00:00:00Z,Lucasfilm,NA,NA,NA,NA,NA,NA,NA
The Littlest Horse Thieves,Original,0,1977-03-11T00:00:00Z,Walt Disney Pictures,NA,NA,NA,NA,NA,NA,NA
The Many Adventures of Winnie the Pooh,Original,1,1977-03-11T00:00:00Z,Walt Disney Pictures,NA,NA,NA,NA,NA,NA,NA
The Shaggy D.A.,Sequel,1,1976-12-17T00:00:00Z,Walt Disney Pictures,NA,NA,NA,NA,NA,NA,NA
Freaky Friday,Original,1,1976-12-17T00:00:00Z,Walt Disney Pictures,NA,NA,NA,NA,NA,NA,NA
Gus,Original,0,1976-07-07T00:00:00Z,Walt Disney Pictures,NA,NA,NA,NA,NA,NA,NA
Treasure of Matecumbe,Original,1,1976-07-01T00:00:00Z,Walt Disney Pictures,NA,NA,NA,NA,NA,NA,NA
"No Deposit, No Return",Original,0,1976-02-05T00:00:00Z,Walt Disney Pictures,NA,NA,NA,NA,NA,NA,NA
Ride a Wild Pony,Original,1,1975-12-25T00:00:00Z,Walt Disney Pictures,NA,NA,NA,NA,NA,NA,NA
The Best of Walt Disney's True-Life Adventures,Original,0,1975-10-08T00:00:00Z,Walt Disney Pictures,NA,NA,NA,NA,NA,NA,NA
One of Our Dinosaurs Is Missing,Original,1,1975-07-09T00:00:00Z,Walt Disney Pictures,NA,NA,NA,NA,NA,NA,NA
The Apple Dumpling Gang,Original,1,1975-07-01T00:00:00Z,Walt Disney Pictures,NA,NA,NA,NA,NA,NA,NA
Escape to Witch Mountain,Original,1,1975-03-21T00:00:00Z,Walt Disney Pictures,NA,NA,NA,NA,NA,NA,NA
The Strongest Man in the World,Original,0,1975-02-06T00:00:00Z,Walt Disney Pictures,NA,NA,NA,NA,NA,NA,NA
The Island at the Top of the World,Original,1,1974-12-20T00:00:00Z,Walt Disney Pictures,NA,NA,NA,NA,NA,NA,NA
The Castaway Cowboy,Original,0,1974-08-01T00:00:00Z,Walt Disney Pictures,NA,NA,NA,NA,NA,NA,NA
The Bears and I,Original,1,1974-07-31T00:00:00Z,Walt Disney Pictures,NA,NA,NA,NA,NA,NA,NA
Herbie Rides Again,Sequel,0,1974-06-06T00:00:00Z,Walt Disney Pictures,NA,NA,NA,NA,NA,NA,NA
Superdad,Original,0,1973-12-14T00:00:00Z,Walt Disney Pictures,NA,NA,NA,NA,NA,NA,NA
Robin Hood,Original,1,1973-11-08T00:00:00Z,Walt Disney Pictures,NA,NA,NA,NA,NA,NA,NA
American Graffiti,Original,0,1973-08-11T00:00:00Z,Lucasfilm,NA,NA,NA,NA,NA,NA,NA
One Little Indian,Original,0,1973-06-20T00:00:00Z,Walt Disney Pictures,NA,NA,NA,NA,NA,NA,NA
Charley and the Angel,Original,1,1973-03-23T00:00:00Z,Walt Disney Pictures,NA,NA,NA,NA,NA,NA,NA
The World's Greatest Athlete,Original,0,1973-02-01T00:00:00Z,Walt Disney Pictures,NA,NA,NA,NA,NA,NA,NA
Snowball Express,Original,0,1972-12-22T00:00:00Z,Walt Disney Pictures,NA,NA,NA,NA,NA,NA,NA
"Run, Cougar, Run",Original,1,1972-10-18T00:00:00Z,Walt Disney Pictures,NA,NA,NA,NA,NA,NA,NA
Napoleon and Samantha,Original,0,1972-07-19T00:00:00Z,Walt Disney Pictures,NA,NA,NA,NA,NA,NA,NA
"Now You See Him, Now You Don't",Original,0,1972-07-12T00:00:00Z,Walt Disney Pictures,NA,NA,NA,NA,NA,NA,NA
The Biscuit Eater,Original,1,1972-03-22T00:00:00Z,Walt Disney Pictures,NA,NA,NA,NA,NA,NA,NA
Bedknobs and Broomsticks,Original,1,1971-12-13T00:00:00Z,Walt Disney Pictures,NA,NA,NA,NA,NA,NA,NA
The Million Dollar Duck,Original,1,1971-06-30T00:00:00Z,Walt Disney Pictures,NA,NA,NA,NA,NA,NA,NA
Scandalous John,Original,0,1971-06-22T00:00:00Z,Walt Disney Pictures,NA,NA,NA,NA,NA,NA,NA
The Barefoot Executive,Original,0,1971-03-17T00:00:00Z,Walt Disney Pictures,NA,NA,NA,NA,NA,NA,NA
The Aristocats,Original,0,1970-12-24T00:00:00Z,Walt Disney Pictures,NA,NA,NA,NA,NA,NA,NA
The Wild Country,Original,1,1970-12-15T00:00:00Z,Walt Disney Pictures,NA,NA,NA,NA,NA,NA,NA
The Boatniks,Original,0,1970-07-01T00:00:00Z,Walt Disney Pictures,NA,NA,NA,NA,NA,NA,NA
King of the Grizzlies,Original,1,1970-02-11T00:00:00Z,Walt Disney Pictures,NA,NA,NA,NA,NA,NA,NA
The Computer Wore Tennis Shoes,Original,0,1969-12-24T00:00:00Z,Walt Disney Pictures,NA,NA,NA,NA,NA,NA,NA
Rascal,Original,1,1969-06-11T00:00:00Z,Walt Disney Pictures,NA,NA,NA,NA,NA,NA,NA
Smith!,Original,1,1969-03-21T00:00:00Z,Walt Disney Pictures,NA,NA,NA,NA,NA,NA,NA
The Love Bug,Original,1,1969-03-13T00:00:00Z,Walt Disney Pictures,NA,NA,NA,NA,NA,NA,NA
The Horse in the Gray Flannel Suit,Original,1,1968-12-20T00:00:00Z,Walt Disney Pictures,NA,NA,NA,NA,NA,NA,NA
Never a Dull Moment,Original,1,1968-06-26T00:00:00Z,Walt Disney Pictures,NA,NA,NA,NA,NA,NA,NA
"The One and Only, Genuine, Original Family Band",Original,1,1968-03-21T00:00:00Z,Walt Disney Pictures,NA,NA,NA,NA,NA,NA,NA
Blackbeard's Ghost,Original,1,1968-02-08T00:00:00Z,Walt Disney Pictures,NA,NA,NA,NA,NA,NA,NA
The Happiest Millionaire,Original,1,1967-11-30T00:00:00Z,Walt Disney Pictures,NA,NA,NA,NA,NA,NA,NA
"Charlie, the Lonesome Cougar",Original,0,1967-10-18T00:00:00Z,Walt Disney Pictures,NA,NA,NA,NA,NA,NA,NA
The Jungle Book,Original,1,1967-10-18T00:00:00Z,Walt Disney Pictures,NA,NA,NA,NA,NA,NA,NA
The Gnome-Mobile,Original,1,1967-07-19T00:00:00Z,Walt Disney Pictures,NA,NA,NA,NA,NA,NA,NA
The Adventures of Bullwhip Griffin,Original,1,1967-03-08T00:00:00Z,Walt Disney Pictures,NA,NA,NA,NA,NA,NA,NA
"Monkeys, Go Home!",Original,1,1967-02-08T00:00:00Z,Walt Disney Pictures,NA,NA,NA,NA,NA,NA,NA
"Follow Me, Boys!",Original,1,1966-12-01T00:00:00Z,Walt Disney Pictures,NA,NA,NA,NA,NA,NA,NA
The Fighting Prince of Donegal,Original,1,1966-10-01T00:00:00Z,Walt Disney Pictures,NA,NA,NA,NA,NA,NA,NA
"Lt. Robin Crusoe, U.S.N.",Original,1,1966-07-29T00:00:00Z,Walt Disney Pictures,NA,NA,NA,NA,NA,NA,NA
The Ugly Dachshund,Original,1,1966-02-16T00:00:00Z,Walt Disney Pictures,NA,NA,NA,NA,NA,NA,NA
That Darn Cat!,Original,1,1965-12-02T00:00:00Z,Walt Disney Pictures,NA,NA,NA,NA,NA,NA,NA
The Monkey's Uncle,Sequel,0,1965-08-18T00:00:00Z,Walt Disney Pictures,NA,NA,NA,NA,NA,NA,NA
Emil and the Detectives,Original,1,1964-12-18T00:00:00Z,Walt Disney Pictures,NA,NA,NA,NA,NA,NA,NA
Those Calloways,Original,1,1964-11-10T00:00:00Z,Walt Disney Pictures,NA,NA,NA,NA,NA,NA,NA
Mary Poppins,Original,1,1964-08-29T00:00:00Z,Walt Disney Pictures,NA,NA,NA,NA,NA,NA,NA
The Moon-Spinners,Original,1,1964-07-08T00:00:00Z,Walt Disney Pictures,NA,NA,NA,NA,NA,NA,NA
The Three Lives of Thomasina,Original,1,1964-06-04T00:00:00Z,Walt Disney Pictures,NA,NA,NA,NA,NA,NA,NA
The Misadventures of Merlin Jones,Original,0,1964-03-25T00:00:00Z,Walt Disney Pictures,NA,NA,NA,NA,NA,NA,NA
A Tiger Walks,Original,1,1964-03-12T00:00:00Z,Walt Disney Pictures,NA,NA,NA,NA,NA,NA,NA
The Sword in the Stone,Original,1,1963-12-25T00:00:00Z,Walt Disney Pictures,NA,NA,NA,NA,NA,NA,NA
The Incredible Journey,Original,1,1963-11-20T00:00:00Z,Walt Disney Pictures,NA,NA,NA,NA,NA,NA,NA
Summer Magic,Original,1,1963-07-07T00:00:00Z,Walt Disney Pictures,NA,NA,NA,NA,NA,NA,NA
Savage Sam,Sequel,1,1963-06-01T00:00:00Z,Walt Disney Pictures,NA,NA,NA,NA,NA,NA,NA
Miracle of the White Stallions,Original,1,1963-03-29T00:00:00Z,Walt Disney Pictures,NA,NA,NA,NA,NA,NA,NA
Son of Flubber,Sequel,0,1963-01-16T00:00:00Z,Walt Disney Pictures,NA,NA,NA,NA,NA,NA,NA
In Search of the Castaways,Original,1,1962-12-21T00:00:00Z,Walt Disney Pictures,NA,NA,NA,NA,NA,NA,NA
The Legend of Lobo,Original,1,1962-11-07T00:00:00Z,Walt Disney Pictures,NA,NA,NA,NA,NA,NA,NA
Almost Angels,Original,1,1962-09-26T00:00:00Z,Walt Disney Pictures,NA,NA,NA,NA,NA,NA,NA
Big Red,Original,1,1962-06-06T00:00:00Z,Walt Disney Pictures,NA,NA,NA,NA,NA,NA,NA
Bon Voyage!,Original,1,1962-05-17T00:00:00Z,Walt Disney Pictures,NA,NA,NA,NA,NA,NA,NA
Moon Pilot,Original,1,1962-04-05T00:00:00Z,Walt Disney Pictures,NA,NA,NA,NA,NA,NA,NA
Babes in Toyland,Original,1,1961-12-14T00:00:00Z,Walt Disney Pictures,NA,NA,NA,NA,NA,NA,NA
Greyfriars Bobby,Original,1,1961-07-17T00:00:00Z,Walt Disney Pictures,NA,NA,NA,NA,NA,NA,NA
Nikki: Wild Dog of the North,Original,1,1961-07-12T00:00:00Z,Walt Disney Pictures,NA,NA,NA,NA,NA,NA,NA
The Parent Trap,Original,1,1961-06-21T00:00:00Z,Walt Disney Pictures,NA,NA,NA,NA,NA,NA,NA
The Absent-Minded Professor,Original,1,1961-03-16T00:00:00Z,Walt Disney Pictures,NA,NA,NA,NA,NA,NA,NA
One Hundred and One Dalmatians,Original,1,1961-01-25T00:00:00Z,Walt Disney Pictures,NA,NA,NA,NA,NA,NA,NA
Swiss Family Robinson,Original,1,1960-12-21T00:00:00Z,Walt Disney Pictures,NA,NA,NA,NA,NA,NA,NA
Ten Who Dared,Original,0,1960-11-01T00:00:00Z,Walt Disney Pictures,NA,NA,NA,NA,NA,NA,NA
Jungle Cat,Original,0,1960-08-10T00:00:00Z,Walt Disney Pictures,NA,NA,NA,NA,NA,NA,NA
The Sign of Zorro,Original,1,1960-06-11T00:00:00Z,Walt Disney Pictures,NA,NA,NA,NA,NA,NA,NA
Pollyanna,Original,1,1960-05-19T00:00:00Z,Walt Disney Pictures,NA,NA,NA,NA,NA,NA,NA
Kidnapped,Original,1,1960-02-24T00:00:00Z,Walt Disney Pictures,NA,NA,NA,NA,NA,NA,NA
Toby Tyler or 10 Weeks with a Circus,Original,1,1960-01-21T00:00:00Z,Walt Disney Pictures,NA,NA,NA,NA,NA,NA,NA
Third Man on the Mountain,Original,1,1959-11-10T00:00:00Z,Walt Disney Pictures,NA,NA,NA,NA,NA,NA,NA
Darby O'Gill and the Little People,Original,1,1959-06-26T00:00:00Z,Walt Disney Pictures,NA,NA,NA,NA,NA,NA,NA
The Shaggy Dog,Original,1,1959-03-19T00:00:00Z,Walt Disney Pictures,NA,NA,NA,NA,NA,NA,NA
Sleeping Beauty,Original,1,1959-01-29T00:00:00Z,Walt Disney Pictures,NA,NA,NA,NA,NA,NA,NA
Tonka,Original,1,1958-12-25T00:00:00Z,Walt Disney Pictures,NA,NA,NA,NA,NA,NA,NA
White Wilderness,Original,0,1958-08-12T00:00:00Z,Walt Disney Pictures,NA,NA,NA,NA,NA,NA,NA
The Light in the Forest,Original,1,1958-07-08T00:00:00Z,Walt Disney Pictures,NA,NA,NA,NA,NA,NA,NA
Old Yeller,Original,1,1957-12-25T00:00:00Z,Walt Disney Pictures,NA,NA,NA,NA,NA,NA,NA
Perri,Original,1,1957-08-28T00:00:00Z,Walt Disney Pictures,NA,NA,NA,NA,NA,NA,NA
Johnny Tremain,Original,1,1957-06-19T00:00:00Z,Walt Disney Pictures,NA,NA,NA,NA,NA,NA,NA
Westward Ho the Wagons!,Original,0,1956-12-20T00:00:00Z,Walt Disney Pictures,NA,NA,NA,NA,NA,NA,NA
Secrets of Life,Original,0,1956-11-06T00:00:00Z,Walt Disney Pictures,NA,NA,NA,NA,NA,NA,NA
Davy Crockett and the River Pirates,Original,0,1956-07-18T00:00:00Z,Walt Disney Pictures,NA,NA,NA,NA,NA,NA,NA
The Great Locomotive Chase,Original,0,1956-06-08T00:00:00Z,Walt Disney Pictures,NA,NA,NA,NA,NA,NA,NA
The Littlest Outlaw,Original,0,1955-12-22T00:00:00Z,Walt Disney Pictures,NA,NA,NA,NA,NA,NA,NA
The African Lion,Original,0,1955-09-14T00:00:00Z,Walt Disney Pictures,NA,NA,NA,NA,NA,NA,NA
Lady and the Tramp,Original,0,1955-06-22T00:00:00Z,Walt Disney Pictures,NA,NA,NA,NA,NA,NA,NA
Davy Crockett: King of the Wild Frontier,Original,0,1955-05-25T00:00:00Z,Walt Disney Pictures,NA,NA,NA,NA,NA,NA,NA
"20,000 Leagues Under the Sea",Original,0,1954-12-23T00:00:00Z,Walt Disney Pictures,NA,NA,NA,NA,NA,NA,NA
The Vanishing Prairie,Original,0,1954-08-16T00:00:00Z,Walt Disney Pictures,NA,NA,NA,NA,NA,NA,NA
Rob Roy: The Highland Rogue,Original,0,1954-02-27T00:00:00Z,Walt Disney Pictures,NA,NA,NA,NA,NA,NA,NA
The Living Desert,Original,0,1953-11-10T00:00:00Z,Walt Disney Pictures,NA,NA,NA,NA,NA,NA,NA
The Sword and the Rose,Original,1,1953-07-23T00:00:00Z,Walt Disney Pictures,NA,NA,NA,NA,NA,NA,NA
Peter Pan,Original,1,1953-02-05T00:00:00Z,Walt Disney Pictures,NA,NA,NA,NA,NA,NA,NA
The Story of Robin Hood,Original,1,1952-06-26T00:00:00Z,Walt Disney Pictures,NA,NA,NA,NA,NA,NA,NA
Alice in Wonderland,Original,1,1951-07-28T00:00:00Z,Walt Disney Pictures,NA,NA,NA,NA,NA,NA,NA
Treasure Island,Original,1,1950-07-29T00:00:00Z,Walt Disney Pictures,NA,NA,NA,NA,NA,NA,NA
Cinderella,Original,1,1950-02-15T00:00:00Z,Walt Disney Pictures,NA,NA,NA,NA,NA,NA,NA
The Adventures of Ichabod and Mr. Toad,Original,1,1949-10-05T00:00:00Z,Walt Disney Pictures,NA,NA,NA,NA,NA,NA,NA
So Dear to My Heart,Original,0,1948-11-29T00:00:00Z,Walt Disney Pictures,NA,NA,NA,NA,NA,NA,NA
Melody Time,Original,0,1948-05-27T00:00:00Z,Walt Disney Pictures,NA,NA,NA,NA,NA,NA,NA
Fun and Fancy Free,Original,1,1947-09-27T00:00:00Z,Walt Disney Pictures,NA,NA,NA,NA,NA,NA,NA
Song of the South,Original,0,1946-11-12T00:00:00Z,Walt Disney Pictures,NA,NA,NA,NA,NA,NA,NA
Make Mine Music,Original,1,1946-04-20T00:00:00Z,Walt Disney Pictures,NA,NA,NA,NA,NA,NA,NA
The Three Caballeros,Original,0,1945-02-03T00:00:00Z,Walt Disney Pictures,NA,NA,NA,NA,NA,NA,NA
Victory Through Air Power,Original,0,1943-07-17T00:00:00Z,Walt Disney Pictures,NA,NA,NA,NA,NA,NA,NA
Saludos Amigos,Original,0,1943-02-06T00:00:00Z,Walt Disney Pictures,When did prequels become bigger,NA,NA,NA,NA,NA,NA
Bambi,Original,1,1942-08-21T00:00:00Z,Walt Disney Pictures,When did it become more prominent,NA,NA,NA,NA,NA,NA
Dumbo,Original,1,1941-10-23T00:00:00Z,Walt Disney Pictures,Year with the most sequels,NA,NA,NA,NA,NA,NA
The Reluctant Dragon,Original,1,1941-06-20T00:00:00Z,Walt Disney Pictures,NA,NA,NA,NA,NA,NA,NA
Fantasia,Original,0,1940-11-13T00:00:00Z,Walt Disney Pictures,"*** Movie has to be based on book story specifrically, not the world",NA,NA,NA,NA,NA,NA
Pinocchio,Original,1,1940-02-07T00:00:00Z,Walt Disney Pictures,** Does include TV shows,NA,NA,NA,NA,NA,NA
Snow White and the Seven Dwarfs,Original,1,1937-12-21T00:00:00Z,Walt Disney Pictures,* Other media doesnt include other films or real life events unless they were books. They do include myths,NA,NA,NA,NA,NA,NA
